{"id": "2562036dc69148808cb7ac2a24110ea6", "status": "finished", "created_at": 1776485288.2802439, "result": {"scanned": 3, "upserted": 3, "errors": []}, "progress": {"status": "finished", "processed": 3, "upserted": 3}, "finished_at": 1776485288.287403}