{"id": "765a250db9574552945dd75ed71b3401", "status": "finished", "created_at": 1776484949.788532, "result": {"scanned": 3, "upserted": 3, "errors": []}, "progress": {"status": "finished", "processed": 3, "upserted": 3}, "finished_at": 1776484949.7942028}